{"cameraMode":{"drawMode":0,"name":"Shaded","section":"Shading Mode"},"sceneLighting":false,"audioPlay":false,"sceneViewState":{"showFog":true,"showMaterialUpdate":false,"showSkybox":false,"showFlares":true,"showImageEffects":true,"showParticleSystems":true},"in2DMode":false,"pivot":{"x":2.549999952316284,"y":2.0959999561309816,"z":-0.37936997413635256},"rotation":{"x":0.01865377649664879,"y":0.9791766405105591,"z":-0.10588245838880539,"w":0.17271973192691804},"size":1.501041054725647,"orthographic":false}