{"cameraMode":{"drawMode":0,"name":"Shaded","section":"Shading Mode"},"sceneLighting":false,"audioPlay":false,"sceneViewState":{"showFog":true,"showMaterialUpdate":false,"showSkybox":false,"showFlares":true,"showImageEffects":true,"showParticleSystems":true},"in2DMode":false,"pivot":{"x":-0.5361826419830322,"y":0.22950337827205659,"z":-0.44207239151000979},"rotation":{"x":0.056263647973537448,"y":-0.8521519303321838,"z":0.09198107570409775,"w":0.5124011635780335},"size":1.8990411758422852,"orthographic":false}