{"cameraMode":{"drawMode":0,"name":"Shaded","section":"Shading Mode"},"sceneLighting":true,"audioPlay":false,"sceneViewState":{"showFog":true,"showMaterialUpdate":false,"showSkybox":true,"showFlares":true,"showImageEffects":true,"showParticleSystems":true},"in2DMode":false,"pivot":{"x":0.44118136167526247,"y":1.300032377243042,"z":-8.688302993774414},"rotation":{"x":-0.16268953680992127,"y":0.4693267047405243,"z":-0.0880156010389328,"w":-0.8636205196380615},"size":5.69769287109375,"orthographic":false}