{"cameraMode":{"drawMode":0,"name":"Shaded","section":"Shading Mode"},"sceneLighting":true,"audioPlay":false,"sceneViewState":{"showFog":true,"showMaterialUpdate":false,"showSkybox":true,"showFlares":true,"showImageEffects":true,"showParticleSystems":true},"in2DMode":false,"pivot":{"x":-0.004063359461724758,"y":1.545220136642456,"z":-0.5478371381759644},"rotation":{"x":-0.03068207949399948,"y":0.9640675187110901,"z":-0.23282593488693238,"w":-0.12552888691425324},"size":2.5598556995391847,"orthographic":false}