{"cameraMode":{"drawMode":0,"name":"Shaded","section":"Shading Mode"},"sceneLighting":true,"audioPlay":false,"sceneViewState":{"showFog":true,"showMaterialUpdate":false,"showSkybox":true,"showFlares":true,"showImageEffects":true,"showParticleSystems":true},"in2DMode":false,"pivot":{"x":-4.002418518066406,"y":0.8253791332244873,"z":0.2985706329345703},"rotation":{"x":-0.2639647126197815,"y":0.3284185528755188,"z":-0.09605740755796433,"w":-0.9018762707710266},"size":9.37265396118164,"orthographic":false}