{"cameraMode":{"drawMode":0,"name":"Shaded","section":"Shading Mode"},"sceneLighting":true,"audioPlay":false,"sceneViewState":{"showFog":true,"showMaterialUpdate":false,"showSkybox":true,"showFlares":true,"showImageEffects":true,"showParticleSystems":true},"in2DMode":false,"pivot":{"x":-4.002418518066406,"y":0.8253791332244873,"z":0.2985706329345703},"rotation":{"x":-0.1598755419254303,"y":0.5345039367675781,"z":-0.1036800965666771,"w":-0.8234902024269104},"size":13.122041702270508,"orthographic":false}